rank,business_id,business_name,category,city,wilaya,cluster,rating,review_count,has_website,has_phone,has_social_media,electrical_related,industrial_related,electricity_meter_score,gas_meter_score,gas_detector_score,wholesale_score,business_quality_score,business_presence_score,prospect_score,prospect_level,best_product,reasons
1,B010,SARL KAZELEC,Electrical equipment supplier,Guedjel,Setif,4,5.0,7.0,False,True,False,True,True,100,30,65,100,78.02285798684255,35,85.85,HIGH,Electricity meters,strong electricity-meter fit; strong wholesale/distribution potential; electrical-related activity; industrial-related activity; high customer rating; has phone contact
2,B001,Sarl Sodimfel,Electrical equipment supplier,Setif,Setif,4,4.8,6.0,False,True,False,True,True,100,30,65,100,74.46551969296921,35,85.14,HIGH,Electricity meters,strong electricity-meter fit; strong wholesale/distribution potential; electrical-related activity; industrial-related activity; high customer rating; has phone contact
3,B020,Electricite industrial maintenance,Electrical equipment supplier,Setif,Setif,4,5.0,1.0,False,True,False,True,True,100,30,65,100,66.00761932894751,35,83.45,HIGH,Electricity meters,strong electricity-meter fit; strong wholesale/distribution potential; electrical-related activity; industrial-related activity; high customer rating; has phone contact
4,B011,zone electrique,Electrical appliance wholesaler,El Eulma,Setif,4,5.0,1.0,False,True,False,True,True,100,30,65,100,66.00761932894751,35,83.45,HIGH,Electricity meters,strong electricity-meter fit; strong wholesale/distribution potential; electrical-related activity; industrial-related activity; high customer rating; has phone contact
5,B009,SODIMFEL SETIF STOCK,Electrical equipment supplier,Guedjel,Setif,0,,0.0,True,True,False,True,True,100,30,65,100,30.0,75,82.25,HIGH,Electricity meters,strong electricity-meter fit; strong wholesale/distribution potential; electrical-related activity; industrial-related activity; has website; has phone contact
6,B025,Ben Lahcene électricité industrielle el eulma,Electronics store,El Eulma,Setif,4,5.0,3.0,False,True,False,True,True,80,10,50,70,72.01523865789504,35,69.15,MEDIUM,Electricity meters,strong electricity-meter fit; moderate resale potential; electrical-related activity; industrial-related activity; high customer rating; has phone contact
7,B101,Bergerat Monnoyeur Algérie - Setif | BMA,Construction equipment supplier,Setif,Setif,2,4.0,6.0,True,True,False,False,True,30,30,45,100,64.86551969296922,75,67.22,MEDIUM,Gas leak detectors,strong wholesale/distribution potential; industrial-related activity; has website; has phone contact
8,B034,la maison Industriel,Electronics store,Setif,Setif,4,5.0,3.0,False,True,False,True,True,75,10,50,70,72.01523865789504,35,67.15,MEDIUM,Electricity meters,strong electricity-meter fit; moderate resale potential; electrical-related activity; industrial-related activity; high customer rating; has phone contact
9,B031,Sarl FAMELEC distributeur Schneider,Electrical supply store,El Eulma,Setif,0,,0.0,False,True,False,True,True,80,10,65,95,30.0,35,67.0,MEDIUM,Electricity meters,strong electricity-meter fit; strong wholesale/distribution potential; electrical-related activity; industrial-related activity; has phone contact
10,B038,Novum Industrial Consulting Services.,Factory equipment supplier,Setif,Setif,2,4.0,5.0,True,True,False,False,True,30,30,45,100,63.52947068393693,75,66.96,MEDIUM,Gas leak detectors,strong wholesale/distribution potential; industrial-related activity; has website; has phone contact
11,B015,SARL MARBER ET GRANIT CHEURFA BASSIT,Electronics store,El Eulma,Setif,4,5.0,1.0,False,True,False,True,True,75,10,50,70,66.00761932894751,35,65.95,MEDIUM,Electricity meters,strong electricity-meter fit; moderate resale potential; electrical-related activity; industrial-related activity; high customer rating; has phone contact
12,B005,Electronique El Merikh setif 2,Electronics store,Setif,Setif,4,4.7,9.0,False,True,False,True,False,75,0,20,60,76.35687943221913,35,65.52,MEDIUM,Electricity meters,strong electricity-meter fit; moderate resale potential; electrical-related activity; high customer rating; has phone contact
13,B013,MB Electro,Appliance store,Setif,Setif,4,5.0,5.0,False,True,False,True,False,75,0,20,60,75.52947068393694,35,65.36,MEDIUM,Electricity meters,strong electricity-meter fit; moderate resale potential; electrical-related activity; high customer rating; has phone contact
14,B024,Taiba Electric,Electrical supply store,El Eulma,Setif,4,5.0,5.0,False,True,False,True,False,75,0,35,60,75.52947068393694,35,65.36,MEDIUM,Electricity meters,strong electricity-meter fit; moderate resale potential; electrical-related activity; high customer rating; has phone contact
15,B002,Samcab - Fourmas Elec,Electrical supply store,Setif,Setif,4,5.0,1.0,False,True,False,True,False,75,0,35,60,66.00761932894751,35,63.45,MEDIUM,Electricity meters,strong electricity-meter fit; moderate resale potential; electrical-related activity; high customer rating; has phone contact
16,B021,Zendaoui electric,Electronics store,Setif,Setif,4,5.0,1.0,False,True,False,True,False,75,0,20,60,66.00761932894751,35,63.45,MEDIUM,Electricity meters,strong electricity-meter fit; moderate resale potential; electrical-related activity; high customer rating; has phone contact
17,B023,مؤسسة عبد المالك لبيع الإجهزة الكهرومنزلية بالتقسيط,Appliance store,Setif,Setif,4,4.4,8.0,False,True,False,True,False,70,0,20,60,71.84370270997883,35,62.62,MEDIUM,Electricity meters,strong electricity-meter fit; moderate resale potential; electrical-related activity; has phone contact
18,B030,IDEAL SOLUTION FACILITÉ SETIF,Appliance store,Setif,Setif,4,5.0,2.0,False,True,False,True,False,70,0,20,60,69.52185135498941,35,62.15,MEDIUM,Electricity meters,strong electricity-meter fit; moderate resale potential; electrical-related activity; high customer rating; has phone contact
19,B028,Prodilog store setif,Electronics store,Setif,Setif,4,4.5,2.0,False,True,False,True,False,70,0,20,60,63.521851354989415,35,60.95,MEDIUM,Electricity meters,strong electricity-meter fit; moderate resale potential; electrical-related activity; high customer rating; has phone contact
20,B007,TRADELEC Eurl,Electrical supply store,Setif,Setif,0,,0.0,False,True,False,True,True,80,10,65,70,30.0,35,60.75,MEDIUM,Electricity meters,strong electricity-meter fit; moderate resale potential; electrical-related activity; industrial-related activity; has phone contact
21,B003,INES Électricité,Electrical supply store,Setif,Setif,0,,0.0,False,True,False,True,True,80,10,65,70,30.0,35,60.75,MEDIUM,Electricity meters,strong electricity-meter fit; moderate resale potential; electrical-related activity; industrial-related activity; has phone contact
22,B019,ABB électricité industriel,Electronics store,Setif,Setif,0,,0.0,False,True,False,True,True,80,10,50,70,30.0,35,60.75,MEDIUM,Electricity meters,strong electricity-meter fit; moderate resale potential; electrical-related activity; industrial-related activity; has phone contact
23,B029,Electro star,Electronics company,El Eulma,Setif,4,5.0,1.0,False,True,False,True,False,75,0,20,45,66.00761932894751,35,59.7,MEDIUM,Electricity meters,strong electricity-meter fit; electrical-related activity; high customer rating; has phone contact
24,B017,Snc frère bendaoud électricité industrielle,Store,Setif,Setif,4,5.0,8.0,False,True,False,True,True,25,10,50,70,79.04370270997883,35,58.56,MEDIUM,Gas leak detectors,moderate resale potential; electrical-related activity; industrial-related activity; high customer rating; has phone contact
25,B006,Ets. Beddiaf Abd El Halim,Electrical supply store,Setif,Setif,0,,0.0,False,True,False,True,False,70,0,35,60,30.0,35,54.25,LOW,Electricity meters,strong electricity-meter fit; moderate resale potential; electrical-related activity; has phone contact
26,B018,Electricien industriel en bâtiment,Electrician,Ain Arnat,Setif,4,5.0,3.0,False,True,False,True,True,80,10,50,10,72.01523865789504,35,54.15,LOW,Electricity meters,strong electricity-meter fit; electrical-related activity; industrial-related activity; high customer rating; has phone contact
27,B016,Électricien Bâtimentset industrielle,Electrician,Setif,Setif,4,4.8,13.0,False,True,False,True,True,75,10,50,10,80.47313902191672,35,53.84,LOW,Electricity meters,strong electricity-meter fit; electrical-related activity; industrial-related activity; high customer rating; has phone contact
28,B048,EURL ZOUAOUI TRAVAUX DE CONSTRUCTION,Road construction company,Setif,Setif,2,4.4,22.0,True,True,False,False,True,5,10,30,55,79.97583824289975,75,53.0,LOW,Gas leak detectors,industrial-related activity; significant customer review activity; has website; has phone contact
29,B032,Sarl 2aSYS Automation,Automation company,Setif,Setif,2,4.8,5.0,True,True,False,False,True,5,10,30,55,73.12947068393693,75,51.63,LOW,Gas leak detectors,industrial-related activity; high customer rating; has website; has phone contact
30,B033,Metaplast Industrie,Manufacturer,Setif,Setif,2,4.5,2.0,True,True,False,False,True,5,10,30,55,63.521851354989415,75,49.7,LOW,Gas leak detectors,industrial-related activity; high customer rating; has website; has phone contact
31,B039,Merouane courroie industrielle,Auto parts store,Setif,Setif,5,5.0,3.0,False,True,False,False,True,5,10,30,70,72.01523865789504,35,49.15,LOW,Gas leak detectors,moderate resale potential; industrial-related activity; high customer rating; has phone contact
32,B014,Moonlight,Electrical supply store,Setif,Setif,0,,0.0,False,False,False,True,False,70,0,35,60,30.0,0,49.0,LOW,Electricity meters,strong electricity-meter fit; moderate resale potential; electrical-related activity
33,B071,Kledarc,Construction company,Setif,Setif,7,,0.0,True,True,True,False,True,5,10,30,55,30.0,100,46.75,LOW,Gas leak detectors,industrial-related activity; has website; has phone contact
34,B116,SIRIUS SERVICES - ABB PARTENER,Electrical installation service,Setif,Setif,4,4.3,3.0,False,True,False,True,False,70,0,20,0,63.615238657895034,35,45.97,LOW,Electricity meters,strong electricity-meter fit; electrical-related activity; has phone contact
35,B058,EURL CHERAITIA NOUREDDINE,Construction company,Setif,Setif,5,5.0,4.0,False,True,False,False,True,5,10,30,55,73.94926010327161,35,45.79,LOW,Gas leak detectors,industrial-related activity; high customer rating; has phone contact
36,B027,FAY CABLE,Corporate office,Setif,Setif,5,3.8,16.0,False,True,False,False,True,5,10,30,55,70.15592077145028,35,45.03,LOW,Gas leak detectors,industrial-related activity; has phone contact
37,B081,SARL PROSATI,Construction company,Setif,Setif,5,4.3,6.0,False,True,False,False,True,5,10,30,55,68.46551969296922,35,44.69,LOW,Gas leak detectors,industrial-related activity; has phone contact
38,B022,Dar Electronique,Store,Setif,Setif,4,4.4,19.0,False,True,False,True,False,20,0,20,60,78.76449876116665,35,44.0,LOW,Electricity meters,moderate resale potential; electrical-related activity; has phone contact
39,B046,EURL TISMAC,Tire shop,Setif,Setif,6,5.0,2.0,False,False,False,False,True,5,10,30,70,69.52185135498941,0,43.4,LOW,Gas leak detectors,moderate resale potential; industrial-related activity; high customer rating
40,B118,SARL HILLS INDUSTRIES,Construction company,Setif,Setif,7,,0.0,True,True,False,False,True,5,10,30,55,30.0,75,43.0,LOW,Gas leak detectors,industrial-related activity; has website; has phone contact
41,B004,SABIL ELEC,Machine maintenance service,Setif,Setif,4,5.0,1.0,False,True,False,True,True,25,10,50,10,66.00761932894751,35,40.95,LOW,Gas leak detectors,electrical-related activity; industrial-related activity; high customer rating; has phone contact
42,B067,"Department of urban planning, architecture and construction DUAC",Construction company,Setif,Setif,2,3.7,12.0,True,True,True,False,False,0,0,0,45,66.63083317630952,100,39.58,LOW,Electricity meters,has website; has phone contact
43,B053,Groupe SAFCER Fabrication des carreaux Céramiques et produits rouges,Construction company,Setif,Setif,2,4.8,23.0,True,True,False,False,False,0,0,0,45,85.14470934183197,75,39.53,LOW,Electricity meters,high customer rating; significant customer review activity; has website; has phone contact
44,B036,NOVASOLUTION montage maintenance industrielle,Construction company,Setif,Setif,6,5.0,1.0,False,False,False,False,True,5,10,30,55,66.00761932894751,0,38.95,LOW,Gas leak detectors,industrial-related activity; high customer rating
45,B077,Societé d'Etudes Techniques de Setif (SETS),Road construction company,Setif,Setif,2,4.2,30.0,True,True,False,False,False,0,0,0,45,80.16292551368068,75,38.53,LOW,Electricity meters,significant customer review activity; has website; has phone contact
46,B051,EMIVAR Setif,Construction company,Setif,Setif,2,4.2,12.0,True,True,False,False,False,0,0,0,45,72.63083317630954,75,37.03,LOW,Electricity meters,has website; has phone contact
47,B044,ZOMRA,Corporate office,Setif,Setif,2,4.5,6.0,True,True,False,False,False,0,0,0,45,70.86551969296922,75,36.67,LOW,Electricity meters,high customer rating; has website; has phone contact
48,B041,socoemod,Manufacturer,Setif,Setif,2,3.6,19.0,True,True,False,False,False,0,0,0,45,69.16449876116664,75,36.33,LOW,Electricity meters,has website; has phone contact
49,B057,REHAU SETIF,Construction company,Setif,Setif,2,5.0,1.0,True,True,False,False,False,0,0,0,45,66.00761932894751,75,35.7,LOW,Electricity meters,high customer rating; has website; has phone contact
50,B047,Maintenance industriel (bobinage),Machine shop,Ain Arnat,Setif,3,,0.0,False,False,False,False,True,5,10,30,70,30.0,0,35.5,LOW,Gas leak detectors,moderate resale potential; industrial-related activity
51,B042,Machine setif,Millwork shop,Setif,Setif,3,,0.0,False,False,False,False,True,5,10,30,70,30.0,0,35.5,LOW,Gas leak detectors,moderate resale potential; industrial-related activity
52,B088,SARL S.M.P.A,Mechanical contractor,Setif,Setif,5,5.0,2.0,False,True,False,False,True,5,10,30,10,69.52185135498941,35,33.65,LOW,Gas leak detectors,industrial-related activity; high customer rating; has phone contact
53,B026,K-PLAST Cables,Corporate office,Setif,Setif,5,4.5,35.0,False,True,False,False,False,0,0,0,45,85.05894136787386,35,33.51,LOW,Electricity meters,high customer rating; significant customer review activity; has phone contact
54,B110,Sarl Setif Forja,Metal fabricator,Setif,Setif,5,4.2,5.0,False,True,False,False,True,5,10,30,10,65.92947068393694,35,32.94,LOW,Gas leak detectors,industrial-related activity; has phone contact
55,B074,Groupe hamzi carrelage et monocouche setif,Construction company,Ain Arnat,Setif,5,4.6,12.0,False,True,False,False,False,0,0,0,45,77.43083317630953,35,31.99,LOW,Electricity meters,high customer rating; has phone contact
56,B045,"Dadi plastique s.a.r.l.,",Plastic fabrication company,Setif,Setif,5,5.0,6.0,False,True,False,False,False,0,0,0,45,76.86551969296922,35,31.87,LOW,Electricity meters,high customer rating; has phone contact
57,B111,SARL CYNABET & Sotrefil,Construction company,Setif,Setif,3,,0.0,False,False,False,False,True,5,10,30,55,30.0,0,31.75,LOW,Gas leak detectors,industrial-related activity
58,B106,Sarl Groupe Cmmc Sétif,Construction company,Ain Arnat,Setif,3,,0.0,False,False,False,False,True,5,10,30,55,30.0,0,31.75,LOW,Gas leak detectors,industrial-related activity
59,B115,Sarl setif gomme,Construction company,Setif,Setif,3,,0.0,False,False,False,False,True,5,10,30,55,30.0,0,31.75,LOW,Gas leak detectors,industrial-related activity
60,B078,DZ LINE distributeur officiel Sétif,Construction company,Setif,Setif,6,5.0,2.0,False,False,False,False,False,0,0,0,70,69.52185135498941,0,31.4,LOW,Electricity meters,moderate resale potential; high customer rating
61,B043,"SGT ALGERIE SPA UNITÉ DE PRÉFORME, SÉTIF",Manufacturer,Setif,Setif,5,5.0,4.0,False,True,False,False,False,0,0,0,45,73.94926010327161,35,31.29,LOW,Electricity meters,high customer rating; has phone contact
62,B008,SETIFLEX,Hydraulic repair service,Setif,Setif,5,4.0,2.0,False,True,False,False,True,5,10,30,10,57.521851354989415,35,31.25,LOW,Gas leak detectors,industrial-related activity; has phone contact
63,B040,URBASE,Zone Industrielle de Sétif,Setif,Setif,5,4.0,2.0,False,True,False,False,True,5,10,30,10,57.521851354989415,35,31.25,LOW,Gas leak detectors,industrial-related activity; has phone contact
64,B054,Meriane Etanche,Construction company,Setif,Setif,5,5.0,3.0,False,True,False,False,False,0,0,0,45,72.01523865789504,35,30.9,LOW,Electricity meters,high customer rating; has phone contact
65,B096,Damani Design,Construction company,Setif,Setif,5,5.0,2.0,False,True,False,False,False,0,0,0,45,69.52185135498941,35,30.4,LOW,Electricity meters,high customer rating; has phone contact
66,B073,SNC-MIBC,Road construction company,Setif,Setif,5,5.0,2.0,False,True,False,False,False,0,0,0,45,69.52185135498941,35,30.4,LOW,Electricity meters,high customer rating; has phone contact
67,B065,Snc El Assira Kheloufi et Cie,Construction company,Setif,Setif,5,5.0,2.0,False,True,False,False,False,0,0,0,45,69.52185135498941,35,30.4,LOW,Electricity meters,high customer rating; has phone contact
68,B012,Groupe Riadh El Feth,Corporate office,Setif,Setif,5,5.0,2.0,False,True,False,False,False,0,0,0,45,69.52185135498941,35,30.4,LOW,Electricity meters,high customer rating; has phone contact
69,B052,CERA HOUSE SETIF,Metal construction company,Setif,Setif,5,5.0,2.0,False,True,False,False,False,0,0,0,45,69.52185135498941,35,30.4,LOW,Electricity meters,high customer rating; has phone contact
70,B070,مقاولة لعلى النوري,Construction company,Setif,Setif,5,5.0,2.0,False,True,False,False,False,0,0,0,45,69.52185135498941,35,30.4,LOW,Electricity meters,high customer rating; has phone contact
71,B068,Mono DZ,Construction company,Setif,Setif,1,1.0,1.0,True,True,True,False,False,0,0,0,45,18.00761932894752,100,29.85,LOW,Electricity meters,has website; has phone contact
72,B076,شركة مهنانة بلال للإستراد و التصدير,Construction company,Setif,Setif,5,5.0,1.0,False,True,False,False,False,0,0,0,45,66.00761932894751,35,29.7,LOW,Electricity meters,high customer rating; has phone contact
73,B080,Atelier Rf aluminium,Construction company,Setif,Setif,5,5.0,1.0,False,True,False,False,False,0,0,0,45,66.00761932894751,35,29.7,LOW,Electricity meters,high customer rating; has phone contact
74,B066,Ch Aménagement,Construction company,Setif,Setif,5,5.0,1.0,False,True,False,False,False,0,0,0,45,66.00761932894751,35,29.7,LOW,Electricity meters,high customer rating; has phone contact
75,B055,DIVINDUS DMC Sétif,Construction company,Setif,Setif,5,4.3,4.0,False,True,False,False,False,0,0,0,45,65.5492601032716,35,29.61,LOW,Electricity meters,has phone contact
76,B112,Promotion Immobilière Baghded - Setif,Real estate developer,Setif,Setif,2,5.0,3.0,True,True,True,False,False,0,0,0,0,72.01523865789504,100,29.4,LOW,Electricity meters,high customer rating; has website; has phone contact
77,B100,"Archi-Design Architecture, Interior Design & Finishing Company",Architectural designer,Setif,Setif,2,4.9,35.0,True,True,False,False,False,0,0,0,0,89.85894136787387,75,29.22,LOW,Electricity meters,high customer rating; significant customer review activity; has website; has phone contact
78,B037,National Company of Structural Steel and Biolermaking,Metal processing company,Setif,Setif,5,4.3,3.0,False,True,False,False,False,0,0,0,45,63.615238657895034,35,29.22,LOW,Electricity meters,has phone contact
79,B108,inhouse Sétif,Interior architect office,Setif,Setif,2,5.0,24.0,True,True,False,False,False,0,0,0,0,87.89852020654321,75,28.83,LOW,Electricity meters,high customer rating; significant customer review activity; has website; has phone contact
80,B035,EST PROFILAGE / DILMI AUTOMATISME,Automation company,Setif,Setif,5,4.0,1.0,False,True,False,False,False,0,0,0,45,54.00761932894752,35,27.3,LOW,Electricity meters,has phone contact
81,B113,GUEZZOUT IMMOBILIER,Real estate developer,Setif,Setif,2,5.0,7.0,True,True,False,False,False,0,0,0,0,78.02285798684255,75,26.85,LOW,Electricity meters,high customer rating; has website; has phone contact
82,B050,AMO,Construction company,Setif,Setif,6,5.0,4.0,False,False,False,False,False,0,0,0,45,73.94926010327161,0,26.04,LOW,Electricity meters,high customer rating
83,B062,فيلا تيتانيك,Construction company,Setif,Setif,6,4.1,16.0,False,False,False,False,False,0,0,0,45,73.75592077145028,0,26.0,LOW,Electricity meters,
84,B056,EPTR SUD-EST Unité de sétif,Construction company,Setif,Setif,6,5.0,2.0,False,False,False,False,False,0,0,0,45,69.52185135498941,0,25.15,LOW,Electricity meters,high customer rating
85,B075,"IRIS, unité de transformation de la tôle (UTT)",Construction company,Setif,Setif,6,5.0,1.0,False,False,False,False,False,0,0,0,45,66.00761932894751,0,24.45,LOW,Electricity meters,high customer rating
86,B109,cite 750 logts - sétif,Construction company,Setif,Setif,6,5.0,1.0,False,False,False,False,False,0,0,0,45,66.00761932894751,0,24.45,LOW,Electricity meters,high customer rating
87,B095,الديوان الوطني للمطبوعات المدرسية,Construction company,Setif,Setif,6,5.0,1.0,False,False,False,False,False,0,0,0,45,66.00761932894751,0,24.45,LOW,Electricity meters,high customer rating
88,B094,ISKEN - إسكان | Direction Générale,Real estate developer,Setif,Setif,2,5.0,1.0,True,True,False,False,False,0,0,0,0,66.00761932894751,75,24.45,LOW,Electricity meters,high customer rating; has website; has phone contact
89,B072,Maison GM,Construction company,Setif,Setif,6,5.0,1.0,False,False,False,False,False,0,0,0,45,66.00761932894751,0,24.45,LOW,Electricity meters,high customer rating
90,B082,CTTP SETIF,Civil engineering company,Setif,Setif,6,5.0,1.0,False,False,False,False,False,0,0,0,45,66.00761932894751,0,24.45,LOW,Electricity meters,high customer rating
91,B091,تينار,Construction company,Setif,Setif,6,4.0,5.0,False,False,False,False,False,0,0,0,45,63.52947068393693,0,23.96,LOW,Electricity meters,
92,B064,Algeria Metal Group,Construction company,Setif,Setif,6,4.5,2.0,False,False,False,False,False,0,0,0,45,63.521851354989415,0,23.95,LOW,Electricity meters,high customer rating
93,B107,CFCE SETIF,Air conditioning contractor,Setif,Setif,2,4.5,40.0,True,False,False,False,False,0,0,0,0,86.18613297878512,40,23.24,LOW,Electricity meters,high customer rating; significant customer review activity; has website
94,B103,zone d'entrepôt et d'activité,Construction company,Setif,Setif,6,3.7,3.0,False,False,False,False,False,0,0,0,45,56.41523865789503,0,22.53,LOW,Electricity meters,
95,B092,Snc sinane structures frères Benbahouche,Metal construction company,Setif,Setif,7,,0.0,False,True,False,False,False,0,0,0,45,30.0,35,22.5,LOW,Electricity meters,has phone contact
96,B086,AD FIXE SETIF,Construction company,Setif,Setif,7,,0.0,False,True,False,False,False,0,0,0,45,30.0,35,22.5,LOW,Electricity meters,has phone contact
97,B097,Combatis Issaadi,Road construction company,Setif,Setif,7,,0.0,False,True,False,False,False,0,0,0,45,30.0,35,22.5,LOW,Electricity meters,has phone contact
98,B117,Bureau expert Hammachi Zahir | مكتب الخبير حماشي زهير,Construction company,Setif,Setif,7,,0.0,False,True,False,False,False,0,0,0,45,30.0,35,22.5,LOW,Electricity meters,has phone contact
99,B105,مؤسسة الترقية العقارية سعيدي عبد الحميد,Construction company,Setif,Setif,1,2.0,1.0,False,True,False,False,False,0,0,0,45,30.00761932894752,35,22.5,LOW,Electricity meters,has phone contact
100,B069,MEKHALFI KAMEL,Construction company,Setif,Setif,7,,0.0,False,True,False,False,False,0,0,0,45,30.0,35,22.5,LOW,Electricity meters,has phone contact
101,B119,GH Pub & Façades,Construction company,Setif,Setif,7,,0.0,False,True,False,False,False,0,0,0,45,30.0,35,22.5,LOW,Electricity meters,has phone contact
102,B063,Entreprise benbahouche anouar,Construction company,Setif,Setif,7,,0.0,False,True,False,False,False,0,0,0,45,30.0,35,22.5,LOW,Electricity meters,has phone contact
103,B049,Omarco - عماركو,Real estate developer,Setif,Setif,5,5.0,17.0,False,True,False,False,False,0,0,0,0,85.05132203892634,35,22.26,LOW,Electricity meters,high customer rating; has phone contact
104,B093,Seddik Valpaint Setif,Painter,Setif,Setif,5,4.9,10.0,False,True,False,False,False,0,0,0,0,79.58294825929764,35,21.17,LOW,Electricity meters,high customer rating; has phone contact
105,B121,Daisy Setif Décoration Boutique,Interior designer,Setif,Setif,5,4.8,9.0,False,True,False,False,False,0,0,0,0,77.55687943221912,35,20.76,LOW,Electricity meters,high customer rating; has phone contact
106,B098,Eurl sediki l'annexe Sétif,Home builder,Setif,Setif,3,,0.0,False,False,False,False,True,5,10,30,10,30.0,0,20.5,LOW,Gas leak detectors,industrial-related activity
107,B085,CITAL SETIF,Construction company,Setif,Setif,1,3.0,1.0,False,False,False,False,False,0,0,0,45,42.00761932894752,0,19.65,LOW,Electricity meters,
108,B099,ETB LASMI MOURAD,Building firm,Setif,Setif,5,5.0,2.0,False,True,False,False,False,0,0,0,0,69.52185135498941,35,19.15,LOW,Electricity meters,high customer rating; has phone contact
109,B114,cfmoto,Custom home builder,Setif,Setif,5,5.0,2.0,False,True,False,False,False,0,0,0,0,69.52185135498941,35,19.15,LOW,Electricity meters,high customer rating; has phone contact
110,B104,Granitex Sétif,Painter,Setif,Setif,5,5.0,1.0,False,True,False,False,False,0,0,0,0,66.00761932894751,35,18.45,LOW,Electricity meters,high customer rating; has phone contact
111,B061,Sellah Placo Setif 💋,Building firm,Setif,Setif,5,5.0,1.0,False,True,False,False,False,0,0,0,0,66.00761932894751,35,18.45,LOW,Electricity meters,high customer rating; has phone contact
112,B089,Entreprise Travaux Publics,Construction company,Setif,Setif,3,,0.0,False,False,False,False,False,0,0,0,45,30.0,0,17.25,LOW,Electricity meters,
113,B087,Design and construction,Construction company,Setif,Setif,3,,0.0,False,False,False,False,False,0,0,0,45,30.0,0,17.25,LOW,Electricity meters,
114,B084,FORMA TECH,Carpenter,Setif,Setif,5,4.0,3.0,False,True,False,False,False,0,0,0,0,60.01523865789504,35,17.25,LOW,Electricity meters,has phone contact
115,B083,ELBAR company,Construction company,Setif,Setif,3,,0.0,False,False,False,False,False,0,0,0,45,30.0,0,17.25,LOW,Electricity meters,
116,B060,"BET Mosaic ""Architecture et Construction""",Construction company,Setif,Setif,3,,0.0,False,False,False,False,False,0,0,0,45,30.0,0,17.25,LOW,Electricity meters,
117,B120,Chrome colortek setif,Construction company,Setif,Setif,3,,0.0,False,False,False,False,False,0,0,0,45,30.0,0,17.25,LOW,Electricity meters,
118,B059,Tasmeem setif,Home builder,Setif,Setif,1,2.6,17.0,False,True,False,False,False,0,0,0,0,56.25132203892635,35,16.5,LOW,Electricity meters,has phone contact
119,B102,Enpi SETIF,Building firm,Setif,Setif,1,3.0,2.0,False,True,False,False,False,0,0,0,0,45.521851354989415,35,14.35,LOW,Electricity meters,has phone contact
120,B090,ETP BAOUTA SALAH-EDDINE,Real estate developer,Setif,Setif,1,3.0,1.0,False,True,False,False,False,0,0,0,0,42.00761932894752,35,13.65,LOW,Electricity meters,has phone contact
121,B079,OCTOPUS CONSTRUCTION ENTREPRISE DE TRAVAUX DE BÂTIMENT TOUS CORPS D'ETAT,Home builder,Setif,Setif,1,3.0,2.0,False,False,False,False,False,0,0,0,0,45.521851354989415,0,9.1,LOW,Electricity meters,
